{"cameraMode":{"drawMode":0,"name":"Shaded","section":"Shading Mode"},"sceneLighting":true,"audioPlay":false,"sceneViewState":{"showFog":true,"showMaterialUpdate":false,"showSkybox":true,"showFlares":true,"showImageEffects":true,"showParticleSystems":true},"in2DMode":false,"pivot":{"x":-351.0574645996094,"y":8.127457618713379,"z":23.946212768554689},"rotation":{"x":-0.009711704216897488,"y":0.9888573288917542,"z":-0.09871631115674973,"w":-0.1133294403553009},"size":2.6771328449249269,"orthographic":false}