{"cameraMode":{"drawMode":0,"name":"Shaded","section":"Shading Mode"},"sceneLighting":false,"audioPlay":false,"sceneViewState":{"showFog":true,"showMaterialUpdate":false,"showSkybox":false,"showFlares":true,"showImageEffects":true,"showParticleSystems":true},"in2DMode":false,"pivot":{"x":0.7956233024597168,"y":1.0462305545806885,"z":-4.896420955657959},"rotation":{"x":-0.026011308655142785,"y":0.9711557626724243,"z":-0.20272177457809449,"w":-0.1235291063785553},"size":1.7554570436477662,"orthographic":false}